{"cameraMode":{"drawMode":0,"name":"Shaded","section":"Shading Mode"},"sceneLighting":true,"audioPlay":false,"sceneViewState":{"m_AlwaysRefresh":false,"showFog":true,"showSkybox":true,"showFlares":true,"showImageEffects":true,"showParticleSystems":true,"showVisualEffectGraphs":true,"m_FxEnabled":true},"in2DMode":false,"pivot":{"x":-4.0805253982543949,"y":4.018301010131836,"z":-0.7240591049194336},"rotation":{"x":0.0029996391385793688,"y":-0.01649918407201767,"z":0.00004949962749378756,"w":0.9998595118522644},"size":7.220317363739014,"orthographic":false}